﻿<?xml version="1.0" encoding="utf-8"?>
<ModMetaData>
    <name>Growth Vats: Overclocked</name>
    <author>MakeItSo</author>
    <packageId>com.makeitso.enhancedgrowthvatlearning</packageId>
    <url>https://github.com/AnthonyChenevier/GrowthVatsOverclocked</url>
    <supportedVersions>
        <li>1.4</li>
        <li>1.5</li>
    </supportedVersions>
    <modDependencies>
		<li>
			<packageId>brrainz.harmony</packageId>
			<displayName>Harmony</displayName>
			<steamWorkshopUrl>steam://url/CommunityFilePage/2009463077</steamWorkshopUrl>
			<downloadUrl>https://github.com/pardeike/HarmonyRimWorld/releases/latest</downloadUrl>
		</li>
    </modDependencies>
    <description>
    <![CDATA[A mod that adds reseach to overclock and upgrade Growth Vats to increase the learning rate of children being grown in them to be nearly as good as growing in the real (Rim)world, and optionally train them in specific skill sets. Also includes optional mechanics making growth vats a more engaging gameplay experience. 
	
	Now with 1.5 support and Vatshock (beware of growing too fast...)!
    
See the longer description on the steam workshop for more details]]></description>
</ModMetaData>