<?xml version="1.0" encoding="utf-8" ?>
<Patch>
    <!-- Modify GrowthVat to add our comps -->
    <Operation Class="PatchOperationAdd">
        <xpath>*/ThingDef[defName="GrowthVat"]/comps</xpath>
        <value>
            <li>
                <compClass>GrowthVatsOverclocked.VatExtensions.CompOverclockedGrowthVat</compClass>
            </li>
        </value>
    </Operation>

    <Operation Class="PatchOperationReplace">
        <xpath>*/ThingDef[defName="GrowthVat"]/comps/li[@Class="CompProperties_Power"]</xpath>
        <value>
            <li Class="CompProperties_Power">
                <compClass>CompPowerTrader</compClass>
            </li>
            <li Class="GrowthVatsOverclocked.VatExtensions.CompProperties_PowerMulti">
                <powerProfiles>
                    <li>
                        <key>Default</key>
                        <value>
                            <basePowerConsumption>200</basePowerConsumption>
                            <idlePowerDraw>80</idlePowerDraw>
                        </value>
                    </li>
                    <li>
                        <key>Overclocked</key>
                        <value>
                            <basePowerConsumption>800</basePowerConsumption>
                            <idlePowerDraw>80</idlePowerDraw>
                        </value>
                    </li>
                </powerProfiles>
            </li>
        </value>
    </Operation>

    <!-- Replace/Add vat hediff comps -->
    <Operation Class="PatchOperationReplace">
        <xpath>*/HediffDef[defName="VatGrowing"]/comps</xpath>
        <value>
            <comps>
                <li Class="GrowthVatsOverclocked.VatExtensions.HediffCompProperties_VatGrowingExtended">
                    <descriptionExtraOverclocked>Growth is running at reduced speed to free up resources for overclocked learning hardware.</descriptionExtraOverclocked>
                    <tipStringExtraPaused>Growth is paused pending growth moment selections.</tipStringExtraPaused>
                    <tipStringExtraGrowthSpeedStat>Affected by growth stat multiplier: {0}</tipStringExtraGrowthSpeedStat>
                </li>
            </comps>
        </value>
    </Operation>

    <!-- Add new thoughts to precepts -->
    <Operation Class="PatchOperationAdd">
        <xpath>*/PreceptDef[defName="ChildLabor_Encouraged"]/comps</xpath>
        <value>
            <li Class="PreceptComp_SituationalThought">
                <thought>ChildLabor_Encouraged_ChildVatModeNotPlay</thought>
                <description>My vat child is learning</description>
            </li>
            <li Class="PreceptComp_SituationalThought">
                <thought>ChildLabor_Encouraged_ChildVatModePlay</thought>
                <description>My vat child is playing</description>
            </li>
            <li Class="PreceptComp_SituationalThought">
                <thought>ChildLabor_Encouraged_TeenInGrowthVat</thought>
                <description>My teenager is in a growth vat</description>
            </li>
        </value>
    </Operation>

    <Operation Class="PatchOperationAdd">
        <xpath>*/PreceptDef[defName="ChildLabor_Disapproved"]/comps</xpath>
        <value>
            <li Class="PreceptComp_SituationalThought">
                <thought>ChildLabor_Disapproved_ChildVatModeNotPlay</thought>
                <description>My vat child is learning</description>
            </li>
            <li Class="PreceptComp_SituationalThought">
                <thought>ChildLabor_Disapproved_ChildVatModeNotPlay</thought>
                <description>My vat child is playing</description>
            </li>
        </value>
    </Operation>

    <!-- remove vatjuice from drug policies -->
    <Operation Class="PatchOperationAdd">
        <xpath>*/DrugPolicyDef/entries</xpath>
        <value>
            <li>
                <drug>VatJuice</drug>
                <allowedForAddiction>false</allowedForAddiction>
            </li>
        </value>
    </Operation>
</Patch>