<?xml version="1.0" encoding="utf-8" ?>
<Defs>
    <StatDef>
        <defName>VatGrowthTime</defName>
        <workerClass>EnhancedGrowthVatLearning.Stats.StatWorker_VatTime</workerClass>
        <label>simulated growth vat time</label>
        <description>Simulated time experienced in growth vats</description>
        <category>PawnMisc</category>
        <defaultBaseValue>0</defaultBaseValue>
        <hideAtValue>0</hideAtValue>
        <minValue>0</minValue>
        <showOnAnimals>false</showOnAnimals>
        <showOnMechanoids>false</showOnMechanoids>
    </StatDef>
</Defs>