<?xml version="1.0" encoding="utf-8" ?>
<Defs>
    <StatDef>
        <defName>VatGrowthTime</defName>
        <workerClass>EnhancedGrowthVatLearning.Stats.StatWorker_VatTime</workerClass>
        <label>vat growth time</label>
        <description>Percentage of childhood spent growing in a vat</description>
        <category>BasicsPawn</category>
        <toStringStyle>PercentZero</toStringStyle>
        <defaultBaseValue>0</defaultBaseValue>
        <hideAtValue>0</hideAtValue>
        <minValue>0</minValue>
        <showOnAnimals>false</showOnAnimals>
        <showOnMechanoids>false</showOnMechanoids>
        <displayPriorityInCategory>-1000</displayPriorityInCategory>
    </StatDef>
</Defs>