<?xml version="1.0" encoding="utf-8" ?>
<Defs>

    <ResearchTabDef>
        <defName>EnhancedGrowthVatLearning_ResearchTab</defName>
        <label>Enhanced Vat Learning</label>
    </ResearchTabDef>

    <!-- Research projects -->
    <ResearchProjectDef>
        <tab>EnhancedGrowthVatLearning_ResearchTab</tab>
        <defName>EnhancedGrowthVatLearningResearch</defName>
        <label>enhanced growth vat learning</label>
        <description>Upgrades the software of all growth vats to enable better quality skill learning and growth. Enables 'enhanced learning' mode for Growth Vats, which enhances occupant growth and skill outcomes with higher quality simulations, at a cost of slower growth and high power requirements.</description>
        <techLevel>Spacer</techLevel>
        <baseCost>2000</baseCost>
        <requiredResearchBuilding>HiTechResearchBench</requiredResearchBuilding>
        <requiredResearchFacilities>
            <li>MultiAnalyzer</li>
        </requiredResearchFacilities>
        <prerequisites>
            <li>GrowthVats</li>
        </prerequisites>
        <researchViewX>0.00</researchViewX>
        <researchViewY>0.70</researchViewY>
        <techprintCount>2</techprintCount>
        <techprintCommonality>3</techprintCommonality>
        <techprintMarketValue>700</techprintMarketValue>
        <heldByFactionCategoryTags>
            <li>Outlander</li>
            <li>Empire</li>
        </heldByFactionCategoryTags>
    </ResearchProjectDef>

    <ResearchProjectDef Abstract="True" Name="VatLearningMode_Base">
        <tab>EnhancedGrowthVatLearning_ResearchTab</tab>
        <techLevel>Spacer</techLevel>
        <baseCost>500</baseCost>
        <requiredResearchBuilding>HiTechResearchBench</requiredResearchBuilding>
        <requiredResearchFacilities>
            <li>MultiAnalyzer</li>
        </requiredResearchFacilities>
    </ResearchProjectDef>

    <ResearchProjectDef ParentName="VatLearningMode_Base">
        <defName>VatLearningSoldierResearch</defName>
        <label>Learning suite - Combat</label>
        <description>Unlocks the combat training suite for growth vats with enhanced learning. The combat training suite is configured to provide a heavily structured learning environment in an urbworld military cadet school. Vat occupants will gain more knowledge of combat and combat-related operations such as building defenses, breaching entrenched positions and triage. As more focus is put on certain skills being trained vat occupants have less personal growth opportunities and can expect to achieve a growth tier of 3-5.</description>
        <prerequisites>
            <li>EnhancedGrowthVatLearningResearch</li>
        </prerequisites>
        <researchViewX>1.00</researchViewX>
        <researchViewY>0.30</researchViewY>
    </ResearchProjectDef>

    <ResearchProjectDef ParentName="VatLearningMode_Base">
        <defName>VatLearningLaborResearch</defName>
        <label>Learning suite - Labor</label>
        <description>Unlocks the labor training suite for growth vats with enhanced learning. The labor training suite is configured to provide a heavily structured learning environment on an off-grid agriworld homestead. Vat occupants will gain more knowledge of farming, animal husbandry, housekeeping and maker skills. As occupants experience a harder, more work-oriented life they have less personal growth opportunities and can expect to achieve a growth tier of 3-5.</description>
        <prerequisites>
            <li>EnhancedGrowthVatLearningResearch</li>
        </prerequisites>
        <researchViewX>1.00</researchViewX>
        <researchViewY>1.05</researchViewY>
    </ResearchProjectDef>

    <ResearchProjectDef ParentName="VatLearningMode_Base">
        <defName>VatLearningPlayResearch</defName>
        <label>Learning suite - Play</label>
        <description>Unlocks the playland suite for growth vats with enhanced learning. The playland suite is configured to provide a completely unstructured environment in an imaginary world based on a popular child's cartoon. Vat occupants gain very few skills, but enough growth is simulated to achieve the maximum growth tier at each growth moment.</description>
        <prerequisites>
            <li>EnhancedGrowthVatLearningResearch</li>
        </prerequisites>
        <researchViewX>1.00</researchViewX>
        <researchViewY>1.80</researchViewY>
    </ResearchProjectDef>

    <ResearchProjectDef ParentName="VatLearningMode_Base">
        <defName>VatLearningLeaderResearch</defName>
        <label>Learning suite - Leader</label>
        <description>Unlocks the leader training suite for growth vats with enhanced learning. The leadership training suite is configured to provide a lightly structured learning environment in a glitterworld private academy. Vat occupants gain more knowledge of the arts, medicine, trading, science and general leadership qualities. As the vat occupant experiences a very high resolution facsimile of life they are able to achieve even higher growth tiers of 5-7. Note that this mode runs at a higher resolution and requires more of the growth vat's available processing power, slowing down the growth of the occupant even further than other enhanced modes.</description>
        <prerequisites>
            <li>VatLearningLaborResearch</li>
            <li>VatLearningSoldierResearch</li>
        </prerequisites>
        <techLevel>Ultra</techLevel>
        <techprintCount>1</techprintCount>
        <techprintCommonality>3</techprintCommonality>
        <techprintMarketValue>500</techprintMarketValue>
        <heldByFactionCategoryTags>
            <li>Empire</li>
        </heldByFactionCategoryTags>
        <researchViewX>2.00</researchViewX>
        <researchViewY>0.70</researchViewY>
    </ResearchProjectDef>
</Defs>