﻿<?xml version="1.0" encoding="utf-8"?>
<ModMetaData>
    <name>Enhanced Growth Vat Learning Research</name>
    <author>MakeItSo</author>
    <packageId>com.makeitso.bettergrothvatlearning</packageId>
    <url>https://github.com/AnthonyChenevier/BetterGrowthVatLearning</url>
    <supportedVersions>
        <li>1.4</li>
    </supportedVersions>
    <modDependencies>
		<li>
			<packageId>brrainz.harmony</packageId>
			<displayName>Harmony</displayName>
			<steamWorkshopUrl>steam://url/CommunityFilePage/2009463077</steamWorkshopUrl>
			<downloadUrl>https://github.com/pardeike/HarmonyRimWorld/releases/latest</downloadUrl>
		</li>
    </modDependencies>
    <description>A small mod that adds an expensive reseach that increases the learning rate of children being grown in growth pods to be nearly as good as growing in the real world.</description>
</ModMetaData>