﻿<?xml version="1.0" encoding="utf-8"?>
<ModMetaData>
    <name>Enhanced Growth Vat Learning</name>
    <author>MakeItSo</author>
    <packageId>com.makeitso.enhancedgrowthvatlearning</packageId>
    <url>https://github.com/AnthonyChenevier/EnhancedGrowthVats</url>
    <supportedVersions>
        <li>1.4</li>
    </supportedVersions>
    <modDependencies>
		<li>
			<packageId>brrainz.harmony</packageId>
			<displayName>Harmony</displayName>
			<steamWorkshopUrl>steam://url/CommunityFilePage/2009463077</steamWorkshopUrl>
			<downloadUrl>https://github.com/pardeike/HarmonyRimWorld/releases/latest</downloadUrl>
		</li>
    </modDependencies>
    <description>
    <![CDATA[A mod that adds features to increase the learning rate of children being grown in growth pods to be nearly as good as growing in the real (Rim)world, and optionally train them in specific skill sets.

Intro:
------
Growth Vats are a great idea with the introduction of children in Biotech, but I felt that they were a little lackluster in their implementation. I get that vat grown kids shouldn't be as... well adjusted as their free-range counterparts, but the fact that they never gained growth tiers when that was a major feature of the child growth system bugged me. So a couple of weeks later here we are.    

Description:
------------
Are you sick of maladjusted, unskilled, vat-grown colonists?
Do you have a bunch of energy to throw away now that you can power and pollute to your pleasure?
Well have I got a deal for you - presenting the 'Enhanced Growth Vat Learning Suite'!
Research breakthroughs have led to great strides in the quality and efficiency of neural stimulation, allowing a modification to Growth Vats that provides higher resolution simulations to their occupants than previously possible.
Vat occupants can experience something close to a real life, with all of the growth and learning opportunities that experience brings, at a cost of higher power requirements and slower growing speeds.
Additional training suites can also be researched, allowing for more fine-grained control over the kinds of experiences vat occupants can recieve. NOTE: while you can change the environment the occupant experiences, you cannot 100% control how they will respond to growth or what exact skills they will learn, addionally children start with many skills locked, so skill experience patterns will relect this. For best result keep teenagers in vats to continue training when all skills are and passions are generated.

- The default training suite that starts unlocked is configured to provide a fairly unstructured learning environment in a common urbworld school. Vat occupants can gain random skills available at their age and enough growth is simulated to achieve growth tier 4-6 at each growth moment.
- The combat training suite is configured to provide a heavily structured learning environment in an urbworld military cadet school. Vat occupants will gain more knowledge of combat and combat-related operations such as building defenses, breaching entrenched positions and triage. As more focus is put on certain skills being trained vat occupants have less personal growth opportunities and can expect to achieve a growth tier of 3-5.
- The labor training suite is configured to provide a heavily structured learning environment on an off-grid agriworld homestead. Vat occupants will gain more knowledge of farming, animal husbandry, housekeeping and maker skills. As occupants experience a harder, more work-oriented life they have less personal growth opportunities and can expect to achieve a growth tier of 3-5.
- Finally the leadership training suite is configured to provide a lightly structured learning environment in a glitterworld private academy. Vat occupants gain more knowledge of the arts, medicine, trading, science and general leadership qualities. As the vat occupant experiences a very high resolution facsimile of life they are able to achieve even higher growth tiers of 5-7. Note that this mode runs at a higher resolution and requires more of the growth vat's available processing power, slowing down the growth of the occupant even further than other enhanced modes. 

How it works:
-------------
- Find or purchase from traders the enhanched growth vat learning techprints (or use my <a href="https://steamcommunity.com/sharedfiles/filedetails/?id=2876747024">Configurable Techprints</a> mod to remove techprint restrictions :D).
- Unlock the new research project 'Enhanced growth vat learning' (in the Enhanced Growth Vat research tab).
- (Optional) Unlock the different learning mode researches. Leader mode requires a further techprint purchase becuase of it's POWAH.
- Make a baby (natural or embryo) and put it in the vat.
- Wait for baby to age into a child (a good reason to keep the original 20x speed mode).
- Look at the child in the vat - see it's (now visible for all vat children in this mod) growth gizmo? Now you can see how abysmal growth is for vanilla vat kids (2 growth points per day, unadjusted for speed of growth in any way)
- Use the gizmos on your growth vats to toggle enhanced mode on or off, and cycle the learning mode if researched (Default, Combat, Labor, Leader).
- Go do other stuff until you reach a growth moment for you vat child (unlike vanilla vats, in this mod vat growth is completely paused until you make your growth moment decision, when enhanced mode is enabled)
- Repeat last step until the child reaches 13 years old (3 growth moments).
- You can now either leave the teenager in the vat to continue learning skills until they are 18 or dump them out early if you need the people.
- Profit

Plans:
------
I would like to add in custom backstories for the different learning modes. (just as light and unrestrictive as the vat child backstory from biotech, not like the original vat soldier one). All of the defs are pretty much ready but I need to come up with a good way of tracking the time spent in each mode without adding a bunch of extra overhead or breaking into vanilla code I don't want to touch in this mod. It really wouldn't add much, but maybe it becomes a thing down the track if it's popular enough.

Technical & Compatibility:
--------------------------
I built and tested this with a bunch of the usual suspect mods running and nothing caught on fire IRL. 
Uses a couple of destructive harmony prefixes on the Pawn_AgeTracker.Notify_TickedInGrowthVat() method and the Building_GrowthVat.VatLearning property. This mean the mod is *probably* incompatible with any other mod that relies on these being vanilla.
Otherwise it overrides the Hediffs given to vat occupants so any mod that relies on those will also be affected. 
Should be safe to remove from an existing game as long as all growth vats have enhanced learning disabled (Check the hediffs of the pawn to make sure they are back to default values first)

Links:
------
Github: https://github.com/AnthonyChenevier/EnhancedGrowthVats
Configurable Techprints (My other mod): https://steamcommunity.com/sharedfiles/filedetails/?id=2876747024

Thanks for using my mods :D
]]></description>
</ModMetaData>