﻿<?xml version="1.0" encoding="utf-8"?>
<ModMetaData>
    <name>Enhanced Growth Vat Learning</name>
    <author>MakeItSo</author>
    <packageId>com.makeitso.enhancedgrowthvatlearning</packageId>
    <url>https://github.com/AnthonyChenevier/EnhancedGrowthVatLearning</url>
    <supportedVersions>
        <li>1.4</li>
    </supportedVersions>
    <modDependencies>
		<li>
			<packageId>brrainz.harmony</packageId>
			<displayName>Harmony</displayName>
			<steamWorkshopUrl>steam://url/CommunityFilePage/2009463077</steamWorkshopUrl>
			<downloadUrl>https://github.com/pardeike/HarmonyRimWorld/releases/latest</downloadUrl>
		</li>
    </modDependencies>
    <description>
    <![CDATA[A mod that adds features to increase the learning rate of children being grown in growth vats to be nearly as good as growing in the real (Rim)world, and optionally train them in specific skill sets. 
    
See the longer description on the steam workshop for more details]]></description>
</ModMetaData>