<?xml version="1.0" encoding="utf-8" ?>
<Defs>
    <!-- Hediffs -->
	<HediffDef>
		<defName>EnhancedVatLearningHediff</defName>
		<label>enhanced vat learning</label>
		<description>The growth vat is rapidly stimulating this person's brain with electricity to induce skill development and personal growth. This process is nearly as effective as growing in the outside world.</description>
		<hediffClass>EnhancedGrowthVatLearning.Hediffs.Hediff_EnhancedVatLearning</hediffClass>
		<everCurableByItem>false</everCurableByItem>
		<initialSeverity>0.001</initialSeverity>
		<maxSeverity>1</maxSeverity>
		<isBad>false</isBad>
	</HediffDef>

    <HediffDef>
        <defName>EnhancedVatGrowingHediff</defName>
        <label>vat growing (reduced speed)</label>
        <description>The growth vat is stimulating this person's body to increase the rate of cell division and aging. It is running at reduced speed to free up resources for enhanced learning software.</description>
        <hediffClass>HediffWithComps</hediffClass>
        <everCurableByItem>false</everCurableByItem>
        <isBad>false</isBad>
        <comps>
            <li>
                <compClass>EnhancedGrowthVatLearning.Hediffs.HediffComp_EnhancedVatGrowing</compClass>
            </li>
        </comps>
    </HediffDef>

    <HediffDef>
        <defName>VatGrowthEffectBuildupHediff</defName>
        <label>vatgrowing after-effect buildup</label>
        <description>Extended use of enhanced growth vat suites and/or growth drugs causes a build-up of toxins and psychological effects that has increasingly negative effects if not carefully managed.</description>
        <hediffClass>HediffWithComps</hediffClass>
        <everCurableByItem>false</everCurableByItem>
        <isBad>false</isBad>
        <initialSeverity>0</initialSeverity>
        <comps>
            <li Class="EnhancedGrowthVatLearning.Hediffs.HediffCompProperties_VatgrowthEffectBuildup">
                <severityModifier>0.1</severityModifier>
            </li>
        </comps>
    </HediffDef>

    <HediffDef>
        <defName>VatgrowthEffectHediff</defName>
        <label>vatgrownth after-effects</label>
        <description>General after-effects of coming out of a high-stimulation growth vat. Continuous exposure to very high neural stimulation and increased cell division has left this person in pain, nauseous and confused upon re-entering the real world, with a high chance of wandering in confusion, questioning their beliefs, running away or going catatonic as they learn to accept their surroundings. In time this person should adjust to their new reality.</description>
        <descriptionShort>After-effects of using a growth vat including generalized pain, nausea and a heightened chance of mental breaks.</descriptionShort>
        <hediffClass>HediffWithComps</hediffClass>
        <makesSickThought>true</makesSickThought>
        <scenarioCanAdd>true</scenarioCanAdd>
        <comps>
            <li Class="HediffCompProperties_SeverityPerDay">
                <severityPerDay>-0.2</severityPerDay>
            </li>
        </comps>
        <stages>
            <li>
                <label>minor</label>
                <vomitMtbDays>1.4</vomitMtbDays>
                <painOffset>0.3</painOffset>
                <baseMoodEffect>-4</baseMoodEffect>
                <capMods>
                    <li>
                        <capacity>Consciousness</capacity>
                        <postFactor>0.8</postFactor>
                    </li>
                    <li>
                        <capacity>Moving</capacity>
                        <postFactor>0.8</postFactor>
                    </li>
                    <li>
                        <capacity>Manipulation</capacity>
                        <postFactor>0.9</postFactor>
                    </li>
                </capMods>
                <mentalStateGivers>
                    <li>
                        <mentalState>Wander_Sad</mentalState>
                        <mtbDays>5</mtbDays>
                    </li>
                    <li>
                        <mentalState>Wander_OwnRoom</mentalState>
                        <mtbDays>5</mtbDays>
                    </li>
                    <li>
                        <mentalState>WanderConfused</mentalState>
                        <mtbDays>5</mtbDays>
                    </li>
                    <li>
                        <mentalState>IdeoChange</mentalState>
                        <mtbDays>20</mtbDays>
                    </li>
                </mentalStateGivers>
            </li>
            <li>
                <label>major</label>
                <minSeverity>0.3</minSeverity>
                <vomitMtbDays>0.9</vomitMtbDays>
                <painOffset>0.6</painOffset>
                <baseMoodEffect>-8</baseMoodEffect>
                <capMods>
                    <li>
                        <capacity>Consciousness</capacity>
                        <postFactor>0.7</postFactor>
                    </li>
                    <li>
                        <capacity>Moving</capacity>
                        <postFactor>0.7</postFactor>
                    </li>
                    <li>
                        <capacity>Manipulation</capacity>
                        <postFactor>0.9</postFactor>
                    </li>
                </capMods>
                <mentalStateGivers>
                    <li>
                        <mentalState>Wander_Sad</mentalState>
                        <mtbDays>3</mtbDays>
                    </li>
                    <li>
                        <mentalState>Wander_OwnRoom</mentalState>
                        <mtbDays>3</mtbDays>
                    </li>
                    <li>
                        <mentalState>WanderConfused</mentalState>
                        <mtbDays>3</mtbDays>
                    </li>
                    <li>
                        <mentalState>IdeoChange</mentalState>
                        <mtbDays>10</mtbDays>
                    </li>
                    <li>
                        <mentalState>GiveUpExit</mentalState>
                        <mtbDays>30</mtbDays>
                    </li>
                    <li>
                        <mentalState>RunWild</mentalState>
                        <mtbDays>30</mtbDays>
                    </li>
                    <li>
                        <mentalState>Catatonic</mentalState>
                        <mtbDays>30</mtbDays>
                    </li>
                </mentalStateGivers>
            </li>
            <li>
                <label>chronic</label>
                <minSeverity>0.9</minSeverity>
                <vomitMtbDays>0.4</vomitMtbDays>
                <painOffset>0.8</painOffset>
                <baseMoodEffect>-15</baseMoodEffect>
                <capMods>
                    <li>
                        <capacity>Consciousness</capacity>
                        <postFactor>0.5</postFactor>
                    </li>
                    <li>
                        <capacity>Moving</capacity>
                        <postFactor>0.5</postFactor>
                    </li>
                    <li>
                        <capacity>Manipulation</capacity>
                        <postFactor>0.8</postFactor>
                    </li>
                </capMods>
                <mentalStateGivers>
                    <li>
                        <mentalState>Wander_Sad</mentalState>
                        <mtbDays>1</mtbDays>
                    </li>
                    <li>
                        <mentalState>Wander_OwnRoom</mentalState>
                        <mtbDays>1</mtbDays>
                    </li>
                    <li>
                        <mentalState>WanderConfused</mentalState>
                        <mtbDays>1</mtbDays>
                    </li>
                    <li>
                        <mentalState>IdeoChange</mentalState>
                        <mtbDays>5</mtbDays>
                    </li>
                    <li>
                        <mentalState>GiveUpExit</mentalState>
                        <mtbDays>15</mtbDays>
                    </li>
                    <li>
                        <mentalState>RunWild</mentalState>
                        <mtbDays>15</mtbDays>
                    </li>
                    <li>
                        <mentalState>Catatonic</mentalState>
                        <mtbDays>15</mtbDays>
                    </li>
                </mentalStateGivers>
            </li>
        </stages>
    </HediffDef>

</Defs>