<?xml version="1.0" encoding="utf-8" ?>
<Defs>
    <!-- Hediffs -->
	<HediffDef>
		<defName>EnhancedVatLearningHediff</defName>
		<label>enhanced vat learning</label>
		<description>The growth vat is rapidly stimulating this person's brain with electricity to induce skill development and personal growth. This process is nearly as effective as growing in the outside world.</description>
		<hediffClass>EnhancedGrowthVatLearning.Hediffs.Hediff_EnhancedVatLearning</hediffClass>
		<everCurableByItem>false</everCurableByItem>
		<initialSeverity>0.001</initialSeverity>
		<maxSeverity>1</maxSeverity>
		<isBad>false</isBad>
	</HediffDef>

    <HediffDef>
        <defName>EnhancedVatGrowingHediff</defName>
        <label>vat growing (reduced speed)</label>
        <description>The growth vat is stimulating this person's body to increase the rate of cell division and aging. It is running at reduced speed to free up resources for enhanced learning software.</description>
        <hediffClass>HediffWithComps</hediffClass>
        <everCurableByItem>false</everCurableByItem>
        <isBad>false</isBad>
        <comps>
            <li>
                <compClass>EnhancedGrowthVatLearning.Hediffs.HediffComp_EnhancedVatGrowing</compClass>
            </li>
        </comps>
    </HediffDef>
</Defs>