<?xml version="1.0" encoding="utf-8" ?>
<Patch>
    <!-- Modify GrowthVat to add our comps -->
    <Operation Class="PatchOperationAdd">
        <xpath>*/ThingDef[defName="GrowthVat"]/comps</xpath>
        <value>
            <li Class="EnhancedGrowthVatLearning.ThingComps.CompProperties_EnhancedGrowthVat" />
        </value>
    </Operation>

    <Operation Class="PatchOperationReplace">
        <xpath>*/ThingDef[defName="GrowthVat"]/comps/li[@Class="CompProperties_Power"]</xpath>
        <value>
            <li Class="CompProperties_Power">
                <compClass>CompPowerTrader</compClass>
            </li>
            <li Class="EnhancedGrowthVatLearning.ThingComps.CompProperties_PowerMulti">
                <powerProfiles>
                    <li>
                        <key>Default</key>
                        <value>
                            <basePowerConsumption>200</basePowerConsumption>
                            <idlePowerDraw>80</idlePowerDraw>
                        </value>
                    </li>
                    <li>
                        <key>EnhancedLearning</key>
                        <value>
                            <basePowerConsumption>800</basePowerConsumption>
                            <idlePowerDraw>80</idlePowerDraw>
                        </value>
                    </li>
                </powerProfiles>
            </li>
        </value>
    </Operation>

    <!-- Modify precepts with our thoughts -->
    <Operation Class="PatchOperationAdd">
        <xpath>*/PreceptDef[defName="ChildLabor_Encouraged"]/comps</xpath>
        <value>
            <li Class="PreceptComp_SituationalThought">
                <thought>ChildLabor_Encouraged_EnhancedVatLearning</thought>
                <description>My vat child is learning</description>
            </li>
            <li Class="PreceptComp_SituationalThought">
                <thought>ChildLabor_Encouraged_EnhancedVatPlaying</thought>
                <description>My vat child is playing</description>
            </li>
            <li Class="PreceptComp_SituationalThought">
                <thought>ChildLabor_Encouraged_TeenInGrowthVat</thought>
                <description>My teenager is in a growth vat</description>
            </li>
        </value>
    </Operation>

    <Operation Class="PatchOperationAdd">
        <xpath>*/PreceptDef[defName="ChildLabor_Disapproved"]/comps</xpath>
        <value>
            <li Class="PreceptComp_SituationalThought">
                <thought>ChildLabor_Disapproved_EnhancedVatLearning</thought>
                <description>My vat child is learning</description>
            </li>
            <li Class="PreceptComp_SituationalThought">
                <thought>ChildLabor_Disapproved_EnhancedVatPlaying</thought>
                <description>My vat child is playing</description>
            </li>
        </value>
    </Operation>
</Patch>